Timestamp,Do you agree to participate in this survey?,What is your age group?,What is your current level of study?,Which academic discipline are you studying?,Which year of study are you currently in?,"On average, how many hours do you study outside classes per day?",How many hours of sleep do you usually get per night?,How often do you attend your scheduled classes?,Approximately what percentage of your classes do you attend?,How often do you complete assignments before their deadlines?,How often do you revise lessons after class?,How much time do you spend on non-academic internet use or social media daily?,What was your approximate GPA/CGPA in your most recently completed semester?,How would you describe your academic performance overall?,How confident are you about your academic performance this semester?,What do you think most affects your academic performance?,What is the biggest challenge you face in maintaining good academic performance?
10/9/2026 21:26:37,"Yes, I voluntarily agree to participate.",21–23,Undergraduate,Engineering (other than CSE/IT),3rd year,3–4 hours,Less than 5 hours,Usually,60–74%,Sometimes,Never or rarely,5–6 hours,3.00–3.49,Average,3,Study time and consistency,
10/9/2026 21:37:52,"Yes, I voluntarily agree to participate.",24–26,Undergraduate,Engineering (other than CSE/IT),2nd year,1–2 hours,5–6 hours,Sometimes,40–59%,Sometimes,1–2 days per week,Less than 1 hour,2.50–2.99,Needs improvement,2,Internet or social media distractions,
10/9/2026 21:44:12,"Yes, I voluntarily agree to participate.",18–20,Undergraduate,Computer Science / IT,1st year,3–4 hours,7–8 hours,Almost always,90–100%,Always or almost always,3–4 days per week,1–2 hours,3.50–3.74,Above average,4,Study time and consistency,Balancing coursework with learning new programming languages.
10/9/2026 21:52:05,"Yes, I voluntarily agree to participate.",21–23,Undergraduate,Business / Management,3rd year,1–2 hours,5–6 hours,Usually,75–89%,Usually,1–2 days per week,3–4 hours,3.00–3.49,Average,3,Internet or social media distractions,Procrastination and scrolling through phone instead of studying.
10/9/2026 22:05:40,"Yes, I voluntarily agree to participate.",21–23,Undergraduate,Science,2nd year,5–6 hours,5–6 hours,Almost always,90–100%,Always or almost always,5–6 days per week,1–2 hours,3.75–4.00,Excellent,5,Study time and consistency,Heavy lab workload and complex theoretical concepts.
10/9/2026 22:14:18,"Yes, I voluntarily agree to participate.",18–20,Undergraduate,Engineering (other than CSE/IT),1st year,Less than 1 hour,Less than 5 hours,Sometimes,40–59%,Rarely,Never or rarely,5–6 hours,2.00–2.49,Needs improvement,2,Sleep and rest,Struggling with sleep schedule and lack of routine.
10/9/2026 22:28:33,"Yes, I voluntarily agree to participate.",24–26,Postgraduate,Computer Science / IT,2nd year,3–4 hours,7–8 hours,Usually,75–89%,Usually,3–4 days per week,3–4 hours,3.50–3.74,Above average,4,Assignment and exam preparation,Managing thesis research alongside course assignments.
10/9/2026 22:37:11,"Yes, I voluntarily agree to participate.",21–23,Undergraduate,Arts / Humanities,3rd year,1–2 hours,7–8 hours,Usually,75–89%,Usually,1–2 days per week,3–4 hours,3.00–3.49,Average,3,Teaching methods,
10/9/2026 22:45:54,"Yes, I voluntarily agree to participate.",18–20,Undergraduate,Social Sciences,2nd year,3–4 hours,5–6 hours,Almost always,90–100%,Usually,3–4 days per week,1–2 hours,3.50–3.74,Above average,4,Class attendance,Keeping up with extensive weekly reading materials.
10/9/2026 22:58:20,"Yes, I voluntarily agree to participate.",24–26,Postgraduate,Health Sciences,1st year,5–6 hours,Less than 5 hours,Almost always,90–100%,Always or almost always,5–6 days per week,Less than 1 hour,3.75–4.00,Excellent,4,Sleep and rest,Clinical rotations leave very little time for sleep and recovery.
10/9/2026 23:10:45,"Yes, I voluntarily agree to participate.",21–23,Undergraduate,Business / Management,4th year or above,1–2 hours,5–6 hours,Sometimes,60–74%,Sometimes,1–2 days per week,3–4 hours,2.50–2.99,Below average,2,Family or personal responsibilities,Balancing job internship demands with final year courses.
10/9/2026 23:22:19,"Yes, I voluntarily agree to participate.",18–20,Undergraduate,Computer Science / IT,1st year,3–4 hours,7–8 hours,Usually,75–89%,Usually,3–4 days per week,1–2 hours,3.00–3.49,Average,3,Study time and consistency,
10/9/2026 23:35:01,"Yes, I voluntarily agree to participate.",21–23,Undergraduate,Engineering (other than CSE/IT),2nd year,Less than 1 hour,5–6 hours,Rarely,Below 40%,Rarely,Never or rarely,More than 6 hours,Below 2.00,Needs improvement,1,Internet or social media distractions,Severe gaming addiction and lack of academic discipline.
10/9/2026 23:48:30,"Yes, I voluntarily agree to participate.",21–23,Undergraduate,Science,3rd year,3–4 hours,7–8 hours,Almost always,75–89%,Always or almost always,3–4 days per week,1–2 hours,3.50–3.74,Above average,4,Assignment and exam preparation,Exam anxiety during midterm evaluations.
10/10/2026 8:15:22,"Yes, I voluntarily agree to participate.",18–20,Undergraduate,Arts / Humanities,1st year,1–2 hours,7–8 hours,Usually,75–89%,Usually,1–2 days per week,3–4 hours,3.00–3.49,Average,3,Teaching methods,Lectures are monotone and hard to engage with.
10/10/2026 8:32:44,"Yes, I voluntarily agree to participate.",21–23,Undergraduate,Computer Science / IT,3rd year,5–6 hours,5–6 hours,Almost always,90–100%,Always or almost always,3–4 days per week,1–2 hours,3.75–4.00,Excellent,5,Study time and consistency,Staying updated with rapid curriculum pacing.
10/10/2026 9:05:18,"Yes, I voluntarily agree to participate.",27 or above,Postgraduate,Business / Management,2nd year,3–4 hours,5–6 hours,Usually,75–89%,Usually,1–2 days per week,1–2 hours,3.50–3.74,Above average,4,Family or personal responsibilities,Managing family responsibilities and evening classes.
10/10/2026 9:24:50,"Yes, I voluntarily agree to participate.",21–23,Undergraduate,Social Sciences,3rd year,1–2 hours,7–8 hours,Usually,60–74%,Sometimes,1–2 days per week,3–4 hours,2.50–2.99,Average,3,Internet or social media distractions,
10/10/2026 9:48:12,"Yes, I voluntarily agree to participate.",18–20,Diploma,Engineering (other than CSE/IT),2nd year,Less than 1 hour,5–6 hours,Sometimes,60–74%,Sometimes,Never or rarely,5–6 hours,2.00–2.49,Needs improvement,2,Teaching methods,Difficult mathematical topics without adequate tutoring.
10/10/2026 10:12:35,"Yes, I voluntarily agree to participate.",21–23,Undergraduate,Health Sciences,4th year or above,More than 6 hours,5–6 hours,Almost always,90–100%,Always or almost always,Every day,Less than 1 hour,3.75–4.00,Excellent,5,Study time and consistency,Mental fatigue from prolonged study and hospital shifts.
10/10/2026 10:30:19,"Yes, I voluntarily agree to participate.",18–20,Undergraduate,Science,1st year,3–4 hours,7–8 hours,Usually,75–89%,Usually,3–4 days per week,1–2 hours,3.00–3.49,Average,3,Assignment and exam preparation,Adapting to university-level exam grading standards.
10/10/2026 11:02:44,"Yes, I voluntarily agree to participate.",24–26,Undergraduate,Business / Management,4th year or above,1–2 hours,Less than 5 hours,Sometimes,40–59%,Sometimes,Never or rarely,3–4 hours,2.50–2.99,Below average,2,Sleep and rest,Burnout and lack of consistent daily energy.
10/10/2026 11:25:30,"Yes, I voluntarily agree to participate.",21–23,Undergraduate,Computer Science / IT,2nd year,3–4 hours,7–8 hours,Almost always,90–100%,Always or almost always,3–4 days per week,1–2 hours,3.50–3.74,Above average,4,Study time and consistency,
10/10/2026 11:47:05,"Yes, I voluntarily agree to participate.",18–20,Undergraduate,Arts / Humanities,2nd year,1–2 hours,7–8 hours,Usually,75–89%,Usually,1–2 days per week,3–4 hours,3.00–3.49,Average,3,Internet or social media distractions,Phone notifications disrupting concentration while studying.
10/10/2026 12:15:22,"Yes, I voluntarily agree to participate.",24–26,Postgraduate,Social Sciences,1st year,3–4 hours,7–8 hours,Almost always,90–100%,Usually,3–4 days per week,1–2 hours,3.50–3.74,Above average,4,Class attendance,Writing in-depth research papers on tight schedules.
10/10/2026 12:40:50,"Yes, I voluntarily agree to participate.",21–23,Undergraduate,Engineering (other than CSE/IT),3rd year,3–4 hours,5–6 hours,Usually,75–89%,Usually,1–2 days per week,3–4 hours,3.00–3.49,Average,3,Study time and consistency,Difficult semester projects with team members who don't contribute.
10/10/2026 13:05:14,"Yes, I voluntarily agree to participate.",18–20,Undergraduate,Computer Science / IT,1st year,5–6 hours,7–8 hours,Almost always,90–100%,Always or almost always,5–6 days per week,1–2 hours,3.75–4.00,Excellent,5,Study time and consistency,
10/10/2026 13:30:28,"Yes, I voluntarily agree to participate.",21–23,Undergraduate,Health Sciences,3rd year,3–4 hours,5–6 hours,Usually,75–89%,Usually,3–4 days per week,1–2 hours,3.50–3.74,Above average,4,Sleep and rest,Irregular sleep schedule impacting attention in early classes.
10/10/2026 14:02:11,"Yes, I voluntarily agree to participate.",24–26,Diploma,Other,1st year,Less than 1 hour,More than 8 hours,Sometimes,40–59%,Sometimes,Never or rarely,5–6 hours,2.00–2.49,Needs improvement,2,Internet or social media distractions,Finding interest and motivation in the coursework.
10/10/2026 14:25:39,"Yes, I voluntarily agree to participate.",18–20,Undergraduate,Business / Management,1st year,1–2 hours,7–8 hours,Usually,75–89%,Usually,1–2 days per week,3–4 hours,3.00–3.49,Average,3,Assignment and exam preparation,
10/10/2026 14:50:02,"Yes, I voluntarily agree to participate.",21–23,Undergraduate,Science,4th year or above,3–4 hours,7–8 hours,Almost always,90–100%,Always or almost always,3–4 days per week,1–2 hours,3.50–3.74,Above average,4,Study time and consistency,Balancing final year graduation requirements and tests.
10/10/2026 15:12:47,"Yes, I voluntarily agree to participate.",Under 18,Undergraduate,Computer Science / IT,1st year,3–4 hours,7–8 hours,Almost always,90–100%,Always or almost always,3–4 days per week,1–2 hours,3.50–3.74,Above average,4,Study time and consistency,Transition from high school learning to university pace.
10/10/2026 15:38:19,"Yes, I voluntarily agree to participate.",27 or above,Postgraduate,Other,2nd year,1–2 hours,5–6 hours,Usually,60–74%,Usually,1–2 days per week,1–2 hours,3.00–3.49,Average,3,Family or personal responsibilities,Balancing full-time employment and graduate studies.
10/10/2026 16:04:55,"Yes, I voluntarily agree to participate.",21–23,Undergraduate,Engineering (other than CSE/IT),4th year or above,3–4 hours,5–6 hours,Usually,75–89%,Usually,3–4 days per week,1–2 hours,3.00–3.49,Average,3,Teaching methods,
10/10/2026 16:29:10,"Yes, I voluntarily agree to participate.",21–23,Undergraduate,Social Sciences,2nd year,1–2 hours,7–8 hours,Sometimes,60–74%,Sometimes,1–2 days per week,3–4 hours,2.50–2.99,Below average,2,Internet or social media distractions,Wasting too much time on short-form video apps.
10/10/2026 16:55:42,"Yes, I voluntarily agree to participate.",18–20,Undergraduate,Computer Science / IT,2nd year,5–6 hours,7–8 hours,Almost always,90–100%,Always or almost always,5–6 days per week,Less than 1 hour,3.75–4.00,Excellent,5,Study time and consistency,Hard to find quiet study areas during peak campus hours.
10/10/2026 17:20:06,"Yes, I voluntarily agree to participate.",21–23,Undergraduate,Business / Management,3rd year,1–2 hours,5–6 hours,Usually,75–89%,Usually,1–2 days per week,3–4 hours,3.00–3.49,Average,3,Assignment and exam preparation,Group assignments where individual grades depend on peers.
10/10/2026 17:44:31,"Yes, I voluntarily agree to participate.",24–26,Postgraduate,Science,1st year,3–4 hours,7–8 hours,Almost always,90–100%,Usually,3–4 days per week,1–2 hours,3.50–3.74,Above average,4,Study time and consistency,
10/10/2026 18:05:15,"Yes, I voluntarily agree to participate.",18–20,Undergraduate,Engineering (other than CSE/IT),1st year,1–2 hours,Less than 5 hours,Sometimes,40–59%,Sometimes,Never or rarely,5–6 hours,2.00–2.49,Needs improvement,2,Sleep and rest,Staying awake late and feeling exhausted in morning lectures.
10/10/2026 18:31:40,"Yes, I voluntarily agree to participate.",21–23,Undergraduate,Arts / Humanities,4th year or above,3–4 hours,7–8 hours,Usually,75–89%,Usually,3–4 days per week,1–2 hours,3.50–3.74,Above average,4,Teaching methods,Vague essay prompts and subjective grading criteria.
10/10/2026 18:52:22,"Yes, I voluntarily agree to participate.",21–23,Undergraduate,Health Sciences,2nd year,5–6 hours,5–6 hours,Almost always,90–100%,Always or almost always,5–6 days per week,1–2 hours,3.75–4.00,Excellent,5,Study time and consistency,Massive volume of memorization needed for anatomy and pharmacology.
10/10/2026 19:14:03,"Yes, I voluntarily agree to participate.",18–20,Undergraduate,Business / Management,2nd year,1–2 hours,7–8 hours,Usually,75–89%,Sometimes,1–2 days per week,3–4 hours,3.00–3.49,Average,3,Internet or social media distractions,
10/10/2026 19:38:51,"Yes, I voluntarily agree to participate.",24–26,Postgraduate,Computer Science / IT,2nd year,3–4 hours,7–8 hours,Almost always,90–100%,Usually,3–4 days per week,1–2 hours,3.50–3.74,Above average,4,Assignment and exam preparation,Balancing course projects and thesis preparation simultaneously.
10/10/2026 20:02:18,"Yes, I voluntarily agree to participate.",21–23,Undergraduate,Social Sciences,3rd year,Less than 1 hour,5–6 hours,Sometimes,60–74%,Sometimes,Never or rarely,3–4 hours,2.50–2.99,Below average,2,Teaching methods,Lack of practical examples in theoretical classes.
10/10/2026 20:25:40,"Yes, I voluntarily agree to participate.",18–20,Undergraduate,Engineering (other than CSE/IT),2nd year,3–4 hours,7–8 hours,Usually,75–89%,Usually,1–2 days per week,1–2 hours,3.00–3.49,Average,3,Study time and consistency,
10/10/2026 20:49:15,"Yes, I voluntarily agree to participate.",21–23,Undergraduate,Computer Science / IT,3rd year,5–6 hours,7–8 hours,Almost always,90–100%,Always or almost always,5–6 days per week,Less than 1 hour,3.75–4.00,Excellent,5,Study time and consistency,Occasional burnout when studying long hours before exams.
10/10/2026 21:11:33,"Yes, I voluntarily agree to participate.",27 or above,Other,Business / Management,Other / not applicable,1–2 hours,5–6 hours,Sometimes,60–74%,Usually,1–2 days per week,1–2 hours,3.00–3.49,Average,3,Family or personal responsibilities,Work-life balance with full-time job responsibilities.
10/10/2026 21:30:05,"Yes, I voluntarily agree to participate.",18–20,Undergraduate,Science,1st year,3–4 hours,7–8 hours,Almost always,90–100%,Usually,3–4 days per week,1–2 hours,3.50–3.74,Above average,4,Assignment and exam preparation,
10/10/2026 21:51:48,"Yes, I voluntarily agree to participate.",21–23,Undergraduate,Engineering (other than CSE/IT),3rd year,1–2 hours,Less than 5 hours,Sometimes,40–59%,Sometimes,1–2 days per week,5–6 hours,2.50–2.99,Needs improvement,2,Internet or social media distractions,Staying off mobile social media apps when trying to study.
10/10/2026 22:15:20,"Yes, I voluntarily agree to participate.",24–26,Postgraduate,Arts / Humanities,2nd year,3–4 hours,7–8 hours,Usually,75–89%,Usually,3–4 days per week,1–2 hours,3.50–3.74,Above average,4,Study time and consistency,Maintaining motivation while writing independent research.
10/10/2026 22:36:10,"Yes, I voluntarily agree to participate.",21–23,Undergraduate,Computer Science / IT,4th year or above,3–4 hours,5–6 hours,Usually,75–89%,Always or almost always,1–2 days per week,1–2 hours,3.50–3.74,Above average,4,Study time and consistency,Juggling capstone project deliverables and final exams.
10/10/2026 22:58:45,"Yes, I voluntarily agree to participate.",18–20,Undergraduate,Social Sciences,1st year,1–2 hours,7–8 hours,Usually,75–89%,Usually,1–2 days per week,3–4 hours,3.00–3.49,Average,3,Teaching methods,